{
  "历史3年平均": {
    "广州项目": {
      "营业收入": 13803.42,
      "营业成本": 9811.53,
      "税金及附加": 848.71,
      "管理费用": 583.76,
      "折旧费用": 5445.02,
      "财务费用": 2100.18,
      "GOP": 8588.2,
      "净利润": -328.84,
      "经营现金流": 7612.7
    },
    "上海项目": {
      "营业收入": 3208.78,
      "营业成本": 2111.04,
      "税金及附加": 218.68,
      "管理费用": 170.0,
      "折旧费用": 802.01,
      "财务费用": 459.35,
      "GOP": 1681.07,
      "净利润": 115.19,
      "经营现金流": 1365.41
    }
  },
  "2026年预测(招募说明书)": {
    "广州项目": {
      "营业收入": 14035.15,
      "营业成本": 4930.75,
      "税金及附加": 1103.86,
      "管理费用": 450.0,
      "资本性支出": 141.63,
      "年净收益": 8107.6
    },
    "上海项目": {
      "营业收入": 3605.21,
      "营业成本": 1350.0,
      "税金及附加": 280.0,
      "管理费用": 150.0,
      "资本性支出": 38.92,
      "年净收益": 1752.07
    }
  },
  "差异分析": {
    "广州项目": {
      "营业收入变化": 231.72999999999956,
      "营业收入变化率": 1.6787868513745114,
      "年净收益 vs 历史平均现金流": 494.90000000000055
    },
    "上海项目": {
      "营业收入变化": 396.42999999999984,
      "营业收入变化率": 12.354539731611386,
      "年净收益 vs 历史平均现金流": 386.65999999999985
    }
  }
}